{
    "w_eec83a9b-610a-48fb-9040-e391d9692e58": 0.5045079542550895,
    "w_69135bbe-3365-4353-ab0d-abe49015fb5c": 0.5465396852418986,
    "w_9b0bfe06-409e-4866-ab96-21709191b551": 0.551344459361791,
    "w_be8eb9db-73c8-4d51-ac7a-450b17455d27": 0.7013694928245762,
    "w_f7b7dcda-ef14-42fc-a7a7-c805b5a9474f": 0.6423613053224376,
    "w_11c128a5-fa36-49b9-b6ae-eedf066abaa3": 0.1973367102003779,
    "w_266fa275-b1fe-466e-93da-bb363aa58c0e": 0.517819599206225,
    "w_10ab8df4-26ea-4db8-a649-6fefad6a49a2": 0.21909430326945187,
    "w_d740daac-dd0f-4b9e-977f-4b442acfad71": 0.7815774636317927,
    "w_88067ac3-6a87-4b86-9458-32c5087cbc03": 0.5461056653800346,
    "w_950bc171-1af2-41d1-a43e-fbaddfa8a387": 0.4448589470897664,
    "w_7c52449a-88b4-433c-97b4-fb8ca91ea772": 0.8170450757536086,
    "w_806ae0ec-9c7e-404f-9f97-6ef53d65e3db": 0.5778408106338998,
    "w_e4193eab-ed9e-4e3e-82d4-5e216a374082": 0.4827876660693698,
    "w_c35581b2-ae72-40ab-9b9e-2b50855fab51": 0.185086042119628,
    "w_f8f44e7b-d583-433c-9b4a-33aa057cd36c": 0.5406336390823718,
    "w_2515d9cb-fa99-471d-9c2c-0f31159edf90": 0.2649134185391777,
    "w_5b12c0fe-e518-49e1-992e-710c2bf6844f": 0.48914006476671346,
    "w_864f7b4b-6a2a-4019-8a50-89a7239eb55b": 0.1521079828574228,
    "w_6014552c-3ee9-48ac-b473-37cf5c8bbf41": 0.41369792255826776,
    "w_b3ed65d9-01d5-4ddb-b844-daaaa845d893": 0.6767625909565449,
    "w_fe2e429a-0254-4d7c-84aa-f0b9f193a02a": 0.5470934403552152,
    "w_f5a7d9cd-59da-461f-b23e-9374363c6623": 0.53558329116652,
    "w_eefbc433-9ac0-468e-a915-bdc859bd9f4a": 0.5781290934343419,
    "w_6bf843a9-91a6-4595-b600-51292c96533b": 0.502640238328551,
    "w_0fd0aea5-3dbf-423f-9fa3-1b7d7cebbe5b": 0.5495014355092572,
    "w_e5ad32bf-44c0-43f8-b17a-6503cbf508c2": 0.509439407848859,
    "w_143ce6d4-f57c-46da-b258-b6a493732ad7": 0.1,
    "w_13664a99-7245-46d4-9cba-277b172a9ffa": 0.4305618955023984,
    "w_67fe78dd-38ab-412d-a47e-0a0a8733c222": 0.2531500821321975
}